LiczbaProcesow,LiczbaTransmisji,CzasCalkowity(s),CzasSredni(s)
4,1000,0.007517,0.000008
4,1000,0.008625,0.000009
4,1000,0.007024,0.000007
